rank,word,frequency
1,good,673
2,other,545
3,bad,463
4,more,432
5,first,394
6,worst,374
7,better,344
8,new,324
9,last,297
10,rude,296
11,horrible,288
12,next,268
13,great,258
14,same,252
15,few,248
16,terrible,247
17,nice,210
18,many,178
19,only,172
20,old,163
21,cold,162
22,much,157
23,wrong,157
24,least,152
25,full,151
26,poor,151
27,worth,145
28,extra,144
29,small,141
30,best,139
31,sure,137
32,long,136
33,different,135
34,little,135
35,second,127
36,busy,127
37,hot,124
38,worse,117
39,fine,117
40,entire,115
41,dirty,115
42,whole,115
43,several,111
44,awful,110
45,dry,110
46,big,107
47,free,106
48,hard,105
49,high,104
50,less,96
51,able,95
52,most,95
53,empty,88
54,close,86
55,ready,85
56,own,82
57,ok,81
58,clean,79
59,happy,76
60,large,76
61,slow,75
62,friendly,75
63,special,72
64,open,71
65,late,70
66,due,69
67,bland,69
68,white,67
69,sorry,67
70,super,66
71,fried,65
72,simple,64
73,fresh,63
74,decent,63
75,available,63
76,short,60
77,ridiculous,60
78,chinese,59
79,cheap,59
80,unprofessional,59
81,okay,58
82,such,58
83,expensive,58
84,additional,57
85,overall,57
86,huge,57
87,sweet,57
88,possible,55
89,disappointed,55
90,later,54
91,real,54
92,negative,54
93,sick,53
94,right,53
95,zero,52
96,mediocre,51
97,quick,51
98,regular,51
99,single,49
100,multiple,48
101,low,48
102,disappointing,47
103,sad,47
104,half,46
105,clear,46
106,spicy,45
107,total,45
108,enough,44
109,past,44
110,greasy,43
111,amazing,43
112,salty,42
113,loud,42
114,longer,41
115,korean,41
116,black,41
117,nasty,41
118,professional,39
119,gross,39
120,tasteless,39
121,correct,37
122,hungry,37
123,young,36
124,previous,34
125,basic,34
126,local,34
127,complete,34
128,normal,34
129,main,32
130,crappy,31
131,early,31
132,plain,31
133,unacceptable,30
134,soggy,30
135,safe,30
136,cool,30
137,back,29
138,delicious,29
139,excellent,29
140,absolute,29
141,tiny,29
142,rebel,29
143,particular,28
144,red,28
145,true,28
146,warm,28
147,general,28
148,easy,28
149,actual,27
150,honest,27
151,funny,27
152,personal,27
153,green,27
154,filthy,27
155,original,26
156,aware,26
157,unfriendly,26
158,tough,26
159,helpful,26
160,awesome,26
161,thin,26
162,serious,25
163,third,25
164,average,25
165,thick,25
166,pleasant,25
167,weird,25
168,sour,25
169,shady,25
170,wait,24
171,major,24
172,difficult,24
173,rare,24
174,fast,24
175,medium,23
176,2nd,23
177,unhappy,23
178,polite,23
179,smaller,23
180,flavorless,23
181,mad,23
182,stale,23
183,mexican,23
184,obvious,22
185,favorite,22
186,similar,22
187,initial,22
188,certain,22
189,important,22
190,wet,22
191,dark,22
192,positive,22
193,likely,21
194,uncomfortable,21
195,incompetent,21
196,comfortable,21
197,reasonable,21
198,vietnamese,21
199,french,20
200,recent,20
201,condescending,20
202,lucky,20
203,common,20
204,final,20
205,further,20
206,perfect,19
207,older,19
208,current,19
209,higher,19
210,flat,19
211,fair,19
212,stupid,19
213,bigger,19
214,prime,18
215,usual,18
216,lazy,18
217,blue,18
218,tender,18
219,medical,18
220,racist,18
221,dishonest,18
222,wonderful,18
223,dead,18
224,lousy,18
225,exact,17
226,lower,17
227,apologetic,17
228,deep,17
229,authentic,17
230,brown,17
231,online,17
232,fun,17
233,tasty,17
234,american,16
235,extended,16
236,cheaper,16
237,random,16
238,3rd,15
239,shitty,15
240,unable,15
241,corporate,15
242,heavy,15
243,unpleasant,15
244,crazy,15
245,top,15
246,specific,15
247,awkward,15
248,broken,15
249,beautiful,15
250,constant,14
251,frustrated,14
252,unbelievable,14
253,horrendous,14
254,plastic,14
255,front,14
256,edible,14
257,rubbery,14
258,asian,14
259,faster,14
260,separate,14
261,pathetic,14
262,numerous,14
263,orange,14
264,frequent,13
265,sub,13
266,suppose,13
267,careful,13
268,convenient,13
269,representative,13
270,miserable,13
271,crispy,13
272,sticky,13
273,loyal,13
274,illegal,13
275,rough,13
276,oily,12
277,ill,12
278,attentive,12
279,closer,12
280,odd,12
281,pricey,12
282,classic,12
283,inedible,12
284,burnt,12
285,standard,12
286,quiet,12
287,urgent,12
288,acceptable,12
289,painful,12
290,disrespectful,12
291,present,12
292,responsible,12
293,indian,12
294,persian,12
295,natural,12
296,generous,11
297,alright,11
298,incorrect,11
299,private,11
300,subpar,11
301,grilled,11
302,female,11
303,allergic,11
304,1st,11
305,unnecessary,11
306,watery,11
307,severe,11
308,inside,11
309,overpriced,11
310,homeless,11
311,typical,11
312,fantastic,10
313,baked,10
314,aside,10
315,dangerous,10
316,like,10
317,rudest,10
318,defensive,10
319,proper,10
320,extreme,10
321,useless,10
322,impossible,10
323,sloppy,10
324,necessary,10
325,strange,10
326,unsafe,10
327,various,10
328,yelp,10
329,dumb,10
330,fake,10
331,rental,10
332,drunk,9
333,embarrassed,9
334,angry,9
335,soft,9
336,priced,9
337,mushy,9
338,italian,9
339,aggressive,9
340,pregnant,9
341,frozen,9
342,embarrassing,9
343,earlier,9
344,sketchy,9
345,weak,9
346,traditional,9
347,strong,9
348,fishy,9
349,pretty,9
350,legal,9
351,smart,9
352,noisy,9
353,hidden,9
354,vegetarian,9
355,unwilling,9
356,gonna,8
357,willing,8
358,thai,8
359,future,8
360,individual,8
361,live,8
362,popular,8
363,wise,8
364,monthly,8
365,left,8
366,yummy,8
367,horrid,8
368,stressful,8
369,ugly,8
370,arrogant,8
371,financial,8
372,premium,8
373,desperate,8
374,interesting,8
375,pink,8
376,inept,8
377,male,8
378,human,8
379,upset,8
380,bare,8
381,glad,8
382,complex,8
383,cute,8
384,polish,8
385,potential,7
386,obnoxious,7
387,shorter,7
388,lukewarm,7
389,snarky,7
390,crab,7
391,larger,7
392,minimum,7
393,runny,7
394,healthy,7
395,fourth,7
396,horrific,7
397,spectacular,7
398,unsanitary,7
399,limited,7
400,raw,7
401,bright,7
402,slower,7
403,unethical,7
404,consistent,7
405,bitter,7
406,solid,7
407,younger,7
408,unhelpful,7
409,countless,7
410,fabulous,7
411,courteous,7
412,false,7
413,outstanding,7
414,pickled,7
415,mongolian,7
416,outrageous,7
417,foreign,7
418,chewy,7
419,bottom,7
420,knowledgeable,7
421,wide,7
422,synthetic,7
423,middle,7
424,furious,7
425,turkish,7
426,electrical,6
427,upper,6
428,unfortunate,6
429,welcome,6
430,needless,6
431,very,6
432,adult,6
433,flavorful,6
434,mush,6
435,juicy,6
436,vinyl,6
437,sanitary,6
438,romantic,6
439,limp,6
440,clueless,6
441,spotty,6
442,straight,6
443,minimal,6
444,nonexistent,6
445,instant,6
446,slimy,6
447,damp,6
448,tight,6
449,loose,6
450,beware,6
451,doughy,6
452,afraid,6
453,easier,6
454,crunchy,6
455,silly,6
456,nicer,6
457,non,6
458,ultimate,6
459,inconsiderate,6
460,key,6
461,damn,6
462,metal,6
463,uneven,6
464,pull-up,6
465,vague,6
466,cloudy,5
467,southern,5
468,grey,5
469,indifferent,5
470,classy,5
471,yellow,5
472,shoddy,5
473,worthless,5
474,custom,5
475,blurry,5
476,mean,5
477,complimentary,5
478,unavailable,5
479,negligent,5
480,greek,5
481,snotty,5
482,visible,5
483,impressive,5
484,cramped,5
485,messy,5
486,cheesy,5
487,mashed,5
488,boring,5
489,wow,5
490,curly,5
491,nearby,5
492,casual,5
493,modern,5
494,atrocious,5
495,social,5
496,responsive,5
497,inattentive,5
498,japanese,5
499,affordable,5
500,former,5
501,5th,5
502,eager,5
503,reputable,5
504,direct,5
505,laughable,5
506,smallest,5
507,rotten,5
508,pretentious,5
509,above,5
510,sarcastic,5
511,spanish,5
512,inappropriate,5
513,latest,5
514,english,5
515,enjoyable,5
516,dismissive,5
517,non-existent,5
518,physical,5
519,dental,5
520,sub-par,5
521,meh,5
522,cocky,5
523,sensitive,5
524,mid,5
525,carne,5
526,poofy,5
527,electric,5
528,tacky,4
529,personable,4
530,ceramic,4
531,understandable,4
532,closest,4
533,palatable,4
534,weekly,4
535,tangy,4
536,roasted,4
537,alive,4
538,crisp,4
539,shredded,4
540,apt,4
541,memorable,4
542,efficient,4
543,poorest,4
544,lumpy,4
545,giant,4
546,rock,4
547,offensive,4
548,apathetic,4
549,accommodating,4
550,gray,4
551,elderly,4
552,bogus,4
553,african,4
554,daily,4
555,faulty,4
556,kidding,4
557,sexual,4
558,reliable,4
559,industrial,4
560,fastest,4
561,absent,4
562,valid,4
563,fancy,4
564,ideal,4
565,sincere,4
566,minor,4
567,adequate,4
568,nauseous,4
569,curious,4
570,loved,4
571,unreliable,4
572,enormous,4
573,harsh,4
574,so-called,4
575,double,4
576,funky,4
577,everyday,4
578,timely,4
579,collard,4
580,inconvenient,4
581,secure,4
582,undercooked,4
583,grungy,4
584,unremarkable,4
585,latin,4
586,lighter,4
587,mixed,4
588,incredible,4
589,existent,4
590,apparent,4
591,mine,4
592,hesitant,4
593,public,4
594,irresponsible,4
595,unsure,4
596,moldy,4
597,careless,4
598,biggest,4
599,lol,4
600,hectic,4
601,greedy,4
602,deplorable,4
603,epic,4
604,picky,4
605,blatant,4
606,afghan,4
607,suspicious,4
608,callous,4
609,capable,3
610,lackluster,3
611,light,3
612,understaffed,3
613,friendlier,3
614,hickory,3
615,fellow,3
616,unapologetic,3
617,haired,3
618,hopeful,3
619,inefficient,3
620,canned,3
621,grand,3
622,stellar,3
623,intimate,3
624,signature,3
625,untouched,3
626,virgin,3
627,competent,3
628,rich,3
629,4th,3
630,depressing,3
631,avid,3
632,flaky,3
633,inconsistent,3
634,thicker,3
635,cheapest,3
636,deceptive,3
637,nervous,3
638,lowest,3
639,east,3
640,seperate,3
641,nicest,3
642,below,3
643,slim,3
644,valuable,3
645,bald,3
646,immune,3
647,stainless,3
648,ignorant,3
649,upscale,3
650,inferior,3
651,famous,3
652,contracted,3
653,narrow,3
654,orthopedic,3
655,promising,3
656,pro,3
657,familiar,3
658,vacant,3
659,underhanded,3
660,promotional,3
661,terrific,3
662,criminal,3
663,hospital,3
664,automative,3
665,immediate,3
666,tech,3
667,detailed,3
668,heck,3
669,insane,3
670,canadian,3
671,insensitive,3
672,glossy,3
673,opposite,3
674,earliest,3
675,skimpy,3
676,deaf,3
677,accurate,3
678,cleaner,3
679,liable,3
680,advanced,3
681,deviled,3
682,sole,3
683,tolerant,3
684,buttery,3
685,repulsive,3
686,ours,3
687,ever.,3
688,gated,3
689,gorgeous,3
690,abysmal,3
691,spotless,3
692,culinary,3
693,skinny,3
694,imperial,3
695,south,3
696,outer,3
697,dim,3
698,plastic-like,3
699,harmful,3
700,scary,3
701,accountable,3
702,lengthy,3
703,precious,3
704,underwhelming,3
705,enthusiastic,3
706,comparable,3
707,unfinished,3
708,fluent,3
709,brief,3
710,tiniest,3
711,pre-made,3
712,warmer,3
713,chick-fil-a,3
714,noticeable,3
715,gooey,3
716,cherry,3
717,prior,3
718,perk-cup,3
719,21st,3
720,bubbly,3
721,priceless,3
722,international,3
723,blind,3
724,primary,3
725,creamy,3
726,steep,3
727,overwhelming,3
728,ordinary,3
729,appropriate,3
730,iced,3
731,star,3
732,unreal,3
733,reserved,3
734,smooth,3
735,absurd,3
736,notch,3
737,17th,3
738,pale,3
739,domestic,3
740,uneasy,3
741,hotter,3
742,strict,3
743,german,3
744,f,3
745,worthy,3
746,16th,3
747,refundable,3
748,unfair,3
749,brassy,3
750,unanswered,3
751,massive,2
752,lesser,2
753,shy,2
754,prompt,2
755,anymore,2
756,respectful,2
757,unclear,2
758,spiced,2
759,empathetic,2
760,candid,2
761,akin,2
762,unkempt,2
763,well,2
764,commercial,2
765,sober,2
766,ongoing,2
767,passive,2
768,heartbroken,2
769,temporary,2
770,,depth,2
771,marginal,2
772,yucky,2
773,bullshit,2
774,cruel,2
775,identical,2
776,uncaring,2
777,touch-up,2
778,hawaiian,2
779,dirtiest,2
780,eligible,2
781,frustrating,2
782,executive,2
783,imaginable,2
784,argumentative,2
785,ex,2
786,appalling,2
787,abominable,2
788,dirtier,2
789,stewed,2
790,complicated,2
791,scrambled,2
792,swampy,2
793,valiant,2
794,letdown,2
795,tall,2
796,bloody,2
797,superior,2
798,obscene,2
799,unknown,2
800,facial,2
801,greater,2
802,guilty,2
803,federal,2
804,unsuccessful,2
805,sliced,2
806,mysterious,2
807,combative,2
808,minus,2
809,fixed,2
810,snippy,2
811,8th,2
812,significant,2
813,5-star,2
814,highest,2
815,technical,2
816,far,2
817,formal,2
818,brutal,2
819,torn,2
820,utter,2
821,25th,2
822,quoted,2
823,7th,2
824,slowest,2
825,dingy,2
826,profitable,2
827,justice,2
828,snooty,2
829,tasteful,2
830,verbal,2
831,nigh,2
832,continual,2
833,informative,2
834,imo,2
835,wierd,2
836,portable,2
837,vintage,2
838,inadequate,2
839,respiratory,2
840,national,2
841,successful,2
842,managerial,2
843,substantial,2
844,happier,2
845,cervical,2
846,neglectful,2
847,asleep,2
848,c,2
849,vulnerable,2
850,stupidest,2
851,generic,2
852,unruly,2
853,stingy,2
854,outdoor,2
855,devoid,2
856,anticipated,2
857,19th,2
858,legendary,2
859,optimistic,2
860,supportive,2
861,itchy,2
862,russian,2
863,gulag,2
864,handy,2
865,unaware,2
866,regional,2
867,satisfactory,2
868,freakin,2
869,added,2
870,non-negotiable,2
871,customary,2
872,nerve,2
873,ratchett,2
874,shittiest,2
875,dubious,2
876,disgusting,2
877,constructive,2
878,superb,2
879,pushy,2
880,looong,2
881,uncleaned,2
882,permanent,2
883,trivial,2
884,hilarious,2
885,fortunate,2
886,breaded,2
887,astronomical,2
888,moral,2
889,naan,2
890,naked,2
891,appealing,2
892,speechless,2
893,hefty,2
894,evident,2
895,shocking,2
896,disturbing,2
897,luxury,2
898,prospective,2
899,tastier,2
900,high-end,2
901,shameful,2
902,central,2
903,stringy,2
904,tepid,2
905,residential,2
906,chillin,2
907,impatient,2
908,earned,2
909,moist,2
910,once-a-year,2
911,joint,2
912,so-so,2
913,latino,2
914,theirs,2
915,bahn,2
916,equivalent,2
917,desirable,2
918,non-refundable,2
919,unexpected,2
920,confident,2
921,stupendous,2
922,sexist,2
923,electronic,2
924,pure,2
925,unappetizing,2
926,farther,2
927,darn,2
928,deluxe,2
929,confused,2
930,drinkable,2
931,continued,2
932,forgiving,2
933,forgivable,2
934,half-hearted,2
935,outside,2
936,avg,2
937,rust,2
938,creative,2
939,greatest,2
940,biracial,2
941,ashamed,2
942,unusual,2
943,surly,2
944,gentle,2
945,updated,2
946,13th,2
947,carnal,2
948,upcoming,2
949,dense,2
950,nastiest,2
951,finest,2
952,functional,2
953,deeper,2
954,awful.,2
955,outdated,2
956,poopy,2
957,underaged,2
958,unwelcome,2
959,halal,2
960,calm,2
961,semi,2
962,fussy,2
963,mediterranean,2
964,lively,2
965,abhorrent,2
966,twice,2
967,chopped,2
968,west,2
969,wannabe,2
970,ripe,2
971,aloof,2
972,inexperienced,2
973,hostile,2
974,pre-packaged,2
975,interior,2
976,lit,2
977,clay,2
978,mouldy,2
979,visual,2
980,borderline,2
981,humid,2
982,$20,2
983,exceptional,2
984,inexpensive,2
985,holy,2
986,sweaty,2
987,knowledgable,2
988,annoying,2
989,safest,2
990,louder,2
991,sneaky,2
992,standout,2
993,charitable,2
994,judgemental,2
995,stank,2
996,slight,2
997,bleh,2
998,disgruntled,2
999,mealy,2
1000,grimy,2
1001,default,2
1002,pubic,2
1003,exotic,2
1004,equal,2
1005,venti,2
1006,malaysian,2
1007,failed,2
1008,unaccommodating,2
1009,core,2
1010,drivable,2
1011,blow,2
1012,livid,2
1013,anti,2
1014,unclean,2
1015,44th,2
1016,elegant,2
1017,favourite,2
1018,flavourful,2
1019,drybar,2
1020,faithful,2
1021,all-you-can-eat,2
1022,avian,2
1023,frizzy,2
1024,lamb-chop,2
1025,behold,2
1026,defective,2
1027,undamaged,2
1028,reddish,2
1029,grease-laden,2
1030,unreasonable,2
1031,relish,2
1032,longtime,2
1033,subzero,2
1034,lame,2
1035,southpoint,2
1036,just-eat,2
1037,putrid,2
1038,stagnant,2
1039,must-try,2
1040,attached,2
1041,lost,2
1042,greyish,1
1043,blunt,1
1044,taro,1
1045,purple,1
1046,one-star,1
1047,weirdest,1
1048,suprise,1
1049,cleanest,1
1050,deceitful,1
1051,hateful,1
1052,greasy-spoon,1
1053,has-been,1
1054,lone,1
1055,mere,1
1056,definite,1
1057,crystal,1
1058,54th,1
1059,empirical,1
1060,story-avoid,1
1061,lifelong,1
1062,salt/soy,1
1063,forgettable,1
1064,discernible,1
1065,back...worst,1
1066,prolific,1
1067,sheer,1
1068,calamari,1
1069,overdue,1
1070,alike,1
1071,delicate,1
1072,aghast,1
1073,scruffy,1
1074,hooray,1
1075,browner,1
1076,yearly,1
1077,scalloped,1
1078,blah.,1
1079,pastey,1
1080,12yr,1
1081,drivethru,1
1082,posted,1
1083,stuffed,1
1084,par,1
1085,virginia,1
1086,hearty,1
1087,intense,1
1088,grisly,1
1089,flavoured,1
1090,non-italian,1
1091,delayed,1
1092,superficial,1
1093,desolate,1
1094,continuous,1
1095,salt/spice,1
1096,fluffy,1
1097,grizzled,1
1098,cajun,1
1099,$90,1
1100,sleazy,1
1101,native,1
1102,bizarre,1
1103,disruptive,1
1104,laminated,1
1105,unkind,1
1106,po,1
1107,non-alcohol,1
1108,fruitless,1
1109,outback,1
1110,hangry,1
1111,thoughtful,1
1112,interocular,1
1113,presurgical,1
1114,over-corrected,1
1115,over-responded,1
1116,snobbish,1
1117,standoffish,1
1118,aloha,1
1119,unappreciated,1
1120,wrinkled,1
1121,lipoflow,1
1122,blackberry,1
1123,favourable,1
1124,ahwatukee,1
1125,sub-standard,1
1126,quesadillas,1
1127,hasty,1
1128,any/all,1
1129,overcrowded,1
1130,dirtbag,1
1131,singular,1
1132,heated,1
1133,solicitous,1
1134,kbbq,1
1135,erratic-ranging,1
1136,rusted,1
1137,bi,1
1138,brkfst,1
1139,respective,1
1140,waitressing,1
1141,crappiest,1
1142,keen,1
1143,cajun-inspired,1
1144,primo,1
1145,medium-rare,1
1146,gluten-free,1
1147,no-showed,1
1148,unstocked,1
1149,flavored,1
1150,geeze,1
1151,sporadic,1
1152,retox,1
1153,misguided,1
1154,guerilla,1
1155,mistaken,1
1156,serviceable,1
1157,vain,1
1158,slightest,1
1159,...sliced,1
1160,ambivalent,1
1161,barefoot,1
1162,improper,1
1163,nope,1
1164,themed,1
1165,olive,1
1166,cut,1
1167,self-proclaimed,1
1168,inexcusable,1
1169,-good,1
1170,-big,1
1171,-bad,1
1172,s***,1
1173,full-scale,1
1174,disaster--undersized,1
1175,stoic,1
1176,round,1
1177,tedious,1
1178,mani-pedi,1
1179,unexplained,1
1180,idiotic,1
1181,scariest,1
1182,naive,1
1183,distressing,1
1184,isolated,1
1185,20ishmin,1
1186,corrected,1
1187,prorated,1
1188,automated,1
1189,abject,1
1190,rampant,1
1191,pleural,1
1192,autoimmune,1
1193,patient/family,1
1194,spiral,1
1195,compassionate,1
1196,disappointin,1
1197,pixelated,1
1198,auto-pay,1
1199,dizzy,1
1200,arrowhead,1
1201,multi,1
1202,worse-,1
1203,advertised,1
1204,3mb,1
1205,lacklustre,1
1206,japanese-american,1
1207,$1140,1
1208,doubtful,1
1209,consecutive,1
1210,$100,1
1211,hole-in-the-wall/college,1
1212,irrelevant,1
1213,apauld,1
1214,overnight,1
1215,gleeful,1
1216,jumpy,1
1217,mythical,1
1218,hurt,1
1219,helpless,1
1220,whiney,1
1221,retro,1
1222,watchful,1
1223,sunday,1
1224,homesick,1
1225,foul--just,1
1226,seaweed,1
1227,effective,1
1228,unassigned,1
1229,brother-in-law,1
1230,t.ook,1
1231,abrasive,1
1232,ultrasound,1
1233,direct-tv,1
1234,jucy,1
1235,roomy,1
1236,unreturend,1
1237,chronic,1
1238,selfless,1
1239,coherent,1
1240,grouchy,1
1241,unstable,1
1242,compliant,1
1243,secret,1
1244,vapid,1
1245,lethargic,1
1246,inconclusive,1
1247,excessive,1
1248,proud,1
1249,religious,1
1250,retention,1
1251,organizational,1
1252,crudy,1
1253,disgustingly,1
1254,costly,1
1255,offline,1
1256,selective,1
1257,mild,1
1258,hazel,1
1259,dinky,1
1260,guffawed,1
1261,crass,1
1262,undivided,1
1263,insured,1
1264,fireproof,1
1265,kosher-style,1
1266,dumber,1
1267,flu/strep/pneumonia,1
1268,healthiest,1
1269,incompetant,1
1270,arterial,1
1271,outpatient,1
1272,snails,1
1273,blazin,1
1274,enjoyble,1
1275,perforated,1
1276,unsympathetic,1
1277,stronger,1
1278,wealthy,1
1279,southeast,1
1280,disheartening,1
1281,cheapeast,1
1282,sympathetic,1
1283,suitable,1
1284,ickier,1
1285,sayin,1
1286,bearded,1
1287,nit,1
1288,old-school,1
1289,baaaad,1
1290,unedible,1
1291,differnt,1
1292,urinary,1
1293,literal,1
1294,dour,1
1295,conducive,1
1296,noisiest,1
1297,gigantic,1
1298,swiss-made,1
1299,swiss,1
1300,juicier,1
1301,unwarranted,1
1302,overprice,1
1303,service..ineffective,1
1304,unappealing,1
1305,disgraceful,1
1306,dissappointed,1
1307,explicit,1
1308,incapable,1
1309,graphic,1
1310,filipino,1
1311,non-sexual,1
1312,funnier,1
1313,unattended,1
1314,inevitable,1
1315,revised,1
1316,crappie,1
1317,unwatchable,1
1318,inebriated,1
1319,unthoughtful,1
1320,evicted,1
1321,pulled,1
1322,compulsive,1
1323,kothu,1
1324,impartial,1
1325,*****bed,1
1326,-homeless,1
1327,semi-nice,1
1328,non-resident,1
1329,rebelplace,1
1330,pricy,1
1331,busier,1
1332,smelly,1
1333,meagre,1
1334,spartan,1
1335,made.,1
1336,plus,1
1337,uninhabitable,1
1338,microscopic,1
1339,covered,1
1340,sadest,1
1341,oldest,1
1342,shiny,1
1343,beaded,1
1344,fees-the,1
1345,twelve,1
1346,retarded,1
1347,stinky,1
1348,non-fancy,1
1349,reluctant,1
1350,sweetest,1
1351,http://www.bbb.org/southern-nevada/business-reviews/apartments/rebel-place-apartments-in-las-vegas-nv-82004,1
1352,flexible,1
1353,27th,1
1354,28th,1
1355,secured,1
1356,flimsy,1
1357,civic,1
1358,portuguese,1
1359,stuck,1
1360,$25,1
1361,hopeless,1
1362,brainless,1
1363,uphill,1
1364,neighbouring,1
1365,cactus,1
1366,conflicted,1
1367,unwelcomed,1
1368,starless,1
1369,active,1
1370,unfresh,1
1371,bold-faced,1
1372,dented,1
1373,gna,1
1374,-bullshit,1
1375,prototypical,1
1376,trippin,1
1377,pointless,1
1378,non-shrimp,1
1379,notorious,1
1380,falooda,1
1381,frostbite,1
1382,passable,1
1383,sone,1
1384,flavor--which,1
1385,inconvinced,1
1386,phenomenal,1
1387,resistant,1
1388,pesky,1
1389,capriottis,1
1390,americanized,1
1391,one-time,1
1392,appetizing,1
1393,co-ed,1
1394,dreary,1
1395,windy,1
1396,reminiscent,1
1397,assigned,1
1398,inner,1
1399,chinese/american,1
1400,plum,1
1401,wintermelon,1
1402,chaotic,1
1403,jambalaya,1
1404,pinot,1
1405,tart,1
1406,weary,1
1407,mental,1
1408,speedy,1
1409,kadhai,1
1410,lollypop,1
1411,non-veg,1
1412,cookie-cutter,1
1413,foolish,1
1414,worrisome,1
1415,minium,1
1416,all-day,1
1417,mobile,1
1418,gutless,1
1419,miserly,1
1420,menial,1
1421,well-rolled,1
1422,tad,1
1423,unintentional,1
1424,overdone,1
1425,unbalanced,1
1426,transparent,1
1427,christian,1
1428,automatic,1
1429,transitional,1
1430,off-campus,1
1431,cautious,1
1432,cantonese,1
1433,flavourless,1
1434,notsk,1
1435,,found,1
1436,sucky,1
1437,darker,1
1438,nowhere,1
1439,coincidental,1
1440,dimensional,1
1441,scorched,1
1442,grayish,1
1443,uninterested,1
1444,also-frustrated,1
1445,kool-aid,1
1446,dandy,1
1447,alright.,1
1448,------------------------------------------------------------------------,1
1449,thinnest,1
1450,driest,1
1451,toughest,1
1452,shun,1
1453,thirsty,1
1454,half-full,1
1455,busiest,1
1456,24-hour,1
1457,official,1
1458,dinesafe,1
1459,crucial,1
1460,drafty,1
1461,metropolitan,1
1462,annoyed/disappointed,1
1463,used,1
1464,stranded,1
1465,cross-countried,1
1466,overage,1
1467,provalone,1
1468,edgy,1
1469,murky,1
1470,30th,1
1471,grateful,1
1472,rest,1
1473,overrated,1
1474,inhabitable,1
1475,fanatic,1
1476,filthiest,1
1477,furnished,1
1478,navy,1
1479,childish,1
1480,civil,1
1481,spoilt,1
1482,oriented,1
1483,viable,1
1484,wasted,1
1485,skeptical,1
1486,tragic,1
1487,hairy,1
1488,repeated,1
1489,diplomatic,1
1490,idealistic,1
1491,disinterested,1
1492,sleezy,1
1493,newish,1
1494,furthest,1
1495,systematic,1
1496,toothbrushing,1
1497,truthful,1
1498,compatible,1
1499,out-of-state,1
1500,off-colored,1
1501,small-talk,1
1502,listed,1
1503,on-time,1
1504,smug,1
1505,anal,1
1506,manageable,1
1507,beverly,1
1508,plenty,1
1509,toasted,1
1510,spicey,1
1511,cosmetic,1
1512,long-haired,1
1513,vibrant,1
1514,dryest,1
1515,petty,1
1516,drive-thru,1
1517,confusing,1
1518,dry/tasteless,1
1519,factual,1
1520,parched,1
1521,disproportional,1
1522,intolerable,1
1523,sizable,1
1524,survice,1
1525,senior,1
1526,crazier,1
1527,spacious,1
1528,alternate,1
1529,overworked,1
1530,woozy,1
1531,lime-a-ritas,1
1532,suggested,1
1533,gluten-y,1
1534,snottiest,1
1535,racial,1
1536,forgone,1
1537,fatter,1
1538,by-product,1
1539,mature,1
1540,competitive,1
1541,unforgivable,1
1542,phoenix,1
1543,disapointing,1
1544,whipped,1
1545,fav,1
1546,nausious,1
1547,imho,1
1548,not-so-premium,1
1549,2pm,1
1550,6pm,1
1551,6pm--,1
1552,unmotivated,1
1553,-solid,1
1554,uninspired,1
1555,nice,,1
1556,casual,aggressive,1
1557,unreserved,1
1558,harder,1
1559,chimichanga,1
1560,in-line,1
1561,quarter-sized,1
1562,distinct,1
1563,chemical-flavor,1
1564,clean/comfortable,1
1565,disrectful,1
1566,oral,1
1567,str8,1
1568,ejuice,1
1569,sanfratello,1
1570,lovely,1
1571,fond,1
1572,wobbly,1
1573,one-sided,1
1574,viscous,1
1575,gloppy,1
1576,bottomless,1
1577,dull,1
1578,mani/pedi,1
1579,complementary,1
1580,aggravated,1
1581,strenuous,1
1582,wild,1
1583,shwarma,1
1584,dodgy,1
1585,assed,1
1586,up-sell,1
1587,busy/crowded,1
1588,unconvincing,1
1589,put-off,1
1590,hard-earned,1
1591,interpersonal,1
1592,lax,1
1593,unbearable,1
1594,excusable,1
1595,thankful,1
1596,sore,1
1597,largest,1
1598,administrative,1
1599,gel-manicure,1
1600,underneath,1
1601,gruff,1
1602,golden,1
1603,let-down,1
1604,.this,1
1605,brown/reddish,1
1606,43rd,1
1607,sized,1
1608,comical,1
1609,tolerable,1
1610,obscure,1
1611,ironic,1
1612,gay,1
1613,invisible,1
1614,ish,1
1615,45-second,1
1616,grey-green,1
1617,half-tail,1
1618,un-eaten,1
1619,tastless,1
1620,sushi.,1
1621,baffled,1
1622,chatty,1
1623,s,1
1624,dreadful,1
1625,square,1
1626,receipted,1
1627,baddest,1
1628,soltani,1
1629,amateur,1
1630,cranky,1
1631,antagonistic,1
1632,unfocused,1
1633,shot,1
1634,angus,1
1635,non-fat,1
1636,connecticut,1
1637,unwoke,1
1638,adjacent,1
1639,collective,1
1640,elusive,1
1641,bar/dog,1
1642,looooong,1
1643,jelly,1
1644,precooked,1
1645,mandatory,1
1646,arabic,1
1647,kippered,1
1648,dynamic,1
1649,creepy,1
1650,abandoned,1
1651,adventurous,1
1652,italian-like,1
1653,fahgetaboutit,1
1654,iranian,1
1655,junior,1
1656,regal,1
1657,extraordinary,1
1658,bummed,1
1659,vegetarian/vegan,1
1660,contagious,1
1661,legged,1
1662,boisterous,1
1663,not-a-real,1
1664,refreshing,1
1665,unconscious,1
1666,fearful,1
1667,60-minute,1
1668,yuppy,1
1669,coolatta,1
1670,do,1
1671,frat,1
1672,skittish,1
1673,uncooked,1
1674,dusty,1
1675,consistant,1
1676,rules/,1
1677,hurricane,1
1678,uniformed,1
1679,rowdy,1
1680,n,1
1681,scant,1
1682,bottle-typical,1
1683,neapolitan,1
1684,brooklyn,1
1685,sunny,1
1686,eggspensive,1
1687,smoked,1
1688,unsatisfactory,1
1689,lounge-style,1
1690,paltry,1
1691,waxy,1
1692,chubby,1
1693,even,1
1694,associated,1
1695,uncommon,1
1696,early-season,1
1697,alittle,1
1698,sh*tty-est,1
1699,preferred,1
1700,counterproductive,1
1701,overweight,1
1702,mint,1
1703,cumulative,1
1704,negligible,1
1705,easiest,1
1706,trendy,1
1707,practical,1
1708,steamy,1
1709,preventive,1
1710,phony,1
1711,cancelled,1
1712,respectable,1
1713,wildest,1
1714,pervy,1
1715,imposable,1
1716,sexualized,1
1717,inspirational,1
1718,seethrough,1
1719,comfy,1
1720,sooo,1
1721,unused,1
1722,bent,1
1723,mid-priced,1
1724,unhealthy,1
1725,addional,1
1726,rolls,baked,1
1727,probable,1
1728,blasé,1
1729,mellow,1
1730,silent,1
1731,hapless,1
1732,wannabee,1
1733,lackadaisical,1
1734,------------------------------------------------------------------------------------------,1
1735,-----------------------------------------------------------------------------------------------,1
1736,differant,1
1737,armourall,1
1738,unflinching,1
1739,poorer,1
1740,accessible,1
1741,fashioned,1
1742,needed,1
1743,overcook,1
1744,slick,1
1745,unfit,1
1746,fucken,1
1747,selfish,1
1748,spongy,1
1749,smart-alec,1
1750,interracial,1
1751,none,1
1752,underage,1
1753,catty,1
1754,judgmental,1
1755,marital,1
1756,rancid,1
1757,blackest,1
1758,update/sanitize,1
1759,sparkly,1
1760,subsequent,1
1761,tapped,1
1762,overall...so-so,1
1763,partial,1
1764,regulr,1
1765,embarassed,1
1766,overloaded,1
1767,pita,1
1768,lanky,1
1769,texas,1
1770,youngest,1
1771,oblivious,1
1772,brave,1
1773,unimaginative,1
1774,arbitrary,1
1775,avgerage,1
1776,frivolous,1
1777,dire,1
1778,drunken,1
1779,hello,1
1780,bummer,1
1781,loathe,1
1782,wacky,1
1783,newest,1
1784,grade,1
1785,old-fashioned,1
1786,witless,1
1787,clever,1
1788,fluorescent,1
1789,blustery,1
1790,homey,1
1791,folksy,1
1792,repeat,1
1793,retired,1
1794,comprehensive,1
1795,off-strip,1
1796,ultra-high,1
1797,cognitive,1
1798,unsavory,1
1799,unwelcoming,1
1800,crowded,1
1801,pitiful,1
1802,crapy,1
1803,experienced,1
1804,over-rated,1
1805,frickin,1
1806,ecstatic,1
1807,split,1
1808,independent,1
1809,protective,1
1810,preprepared,1
1811,irritated,1
1812,attractive,1
1813,uptempo,1
1814,ragged,1
1815,nauseated,1
1816,over-crowded,1
1817,asinine,1
1818,at-all,1
1819,renaissance,1
1820,carnival,1
1821,whacky,1
1822,cool.,1
1823,staple,1
1824,rubbery"and,1
1825,thorough,1
1826,drab,1
1827,bottled,1
1828,fav.,1
1829,soupy,1
1830,suburban,1
1831,blacker,1
1832,finger-smudged,1
1833,over-brewed,1
1834,plush-modern,1
1835,principal,1
1836,funner,1
1837,tomorrow,1
1838,weighted,1
1839,upgraded,1
1840,over-exaggerated,1
1841,legitimate,1
1842,gastric,1
1843,unprofessionalism,1
1844,maple,1
1845,farthest,1
1846,half-fast,1
1847,unattractive,1
1848,negilent,1
1849,driven,1
1850,accidental,1
1851,soapy,1
1852,express,1
1853,rife,1
1854,hottest,1
1855,8am,1
1856,wee,1
1857,update-called,1
1858,veal,1
1859,hardcore,1
1860,non-stop,1
1861,hillbilly,1
1862,dramatic,1
1863,impeccable,1
1864,a$$ho&e,1
1865,yay,1
1866,sweeter,1
1867,sandy,1
1868,median,1
1869,menopausal,1
1870,imparative,1
1871,sadistic,1
1872,evil,1
1873,twisted,1
1874,demented,1
1875,barg,1
1876,undigestsble,1
1877,pain,1
1878,indecorous,1
1879,distasteful,1
1880,advisable,1
1881,abusive,1
1882,immature,1
1883,educated,1
1884,guaranteed,1
1885,submissive,1
1886,under-seasoned,1
1887,additiinal,1
1888,despicable,1
1889,kindest,1
1890,annual,1
1891,expired,1
1892,predatory,1
1893,threatening,1
1894,dotted,1
1895,requested,1
1896,disconnected,1
1897,obsolete,1
1898,unimportant,1
1899,satisfied,1
1900,peppermint,1
1901,14th,1
1902,uglier,1
1903,challenging,1
1904,tougher,1
1905,vulgar,1
1906,icky,1
1907,agreed,1
1908,shifty,1
1909,cracked,1
1910,dutch,1
1911,suspect,1
1912,tantamount,1
1913,elite,1
1914,bland-,1
1915,plentiful,1
1916,appreciative,1
1917,afloat,1
1918,reborn,1
1919,pasty,1
1920,acrid,1
1921,shawama,1
1922,wooden,1
1923,infamous,1
1924,canoe--same,1
1925,brownish,1
1926,1st(and,1
1927,ratty,1
1928,scottsdale,1
1929,unlimited,1
1930,sautéed,1
1931,rmuscle,1
1932,up-charge,1
1933,money-grabbing,1
1934,whack,1
1935,teenage,1
1936,brilliant,1
1937,under-poured,1
1938,circular,1
1939,sassy,1
1940,awaited,1
1941,boldfaced,1
1942,undeniable,1
1943,demeaning,1
1944,teased,1
1945,ingenious,1
1946,subject,1
1947,precise,1
1948,conscientious,1
1949,chestnut,1
1950,cray,1
1951,nearest,1
1952,reiki-like,1
1953,angled,1
1954,pencil,1
1955,alone,1
1956,fetal,1
1957,mason,1
1958,designated,1
1959,excess,1
1960,vocal,1
1961,lamb-shish,1
1962,tempura,1
1963,forceful,1
1964,concealed,1
1965,workable,1
1966,insistent,1
1967,sufficient,1
1968,re-schedule,1
1969,purposeful,1
1970,cardboard,1
1971,lookout,1
1972,undeserved,1
1973,heartless,1
1974,stiff,1
1975,ruthless,1
1976,b,1
1977,big.,1
1978,textured,1
1979,prone,1
1980,uncontrolled,1
1981,velvet,1
1982,underdressed,1
1983,restrictive,1
1984,communistic,1
1985,scottish,1
1986,civilian,1
1987,fave,1
1988,steamed,1
1989,overcharge,1
1990,military,1
1991,no-filre,1
1992,public-facing,1
1993,caucasian,1
1994,characteristic,1
1995,endless,1
1996,daughter-in-law,1
1997,required,1
1998,nonrefundable,1
1999,newer,1
2000,softer,1
2001,bumpy,1
2002,fit,1
2003,couple,1
2004,minuscule,1
2005,40th,1
2006,streaky,1
2007,natural-looking,1
2008,antique,1
2009,condescended,1
2010,unentertaining,1
2011,6am-11am,1
2012,disposable,1
2013,gracious,1
2014,belgian,1
2015,aback,1
2016,oversauced,1
2017,clear.,1
2018,patient,1
2019,safer,1
2020,compact,1
2021,monday,1
2022,tuesday,1
2023,autistic,1
2024,specfic,1
2025,fast-food,1
2026,dumbest,1
2027,realistic,1
2028,neon,1
2029,non-alcoholic,1
2030,irate,1
2031,-too,1
2032,quicker,1
2033,rediculous,1
2034,forth,1
2035,upsetting,1
2036,misshaped,1
2037,grumpy,1
2038,two-way,1
2039,spinal,1
2040,torture,1
2041,unattentive,1
2042,manicured,1
2043,janky,1
2044,low-class,1
2045,sparse,1
2046,disabled,1
2047,quickest,1
2048,miniature,1
2049,credit/debit,1
2050,terrifying,1
2051,soothing,1
2052,returnable,1
2053,dependable,1
2054,remarkable,1
2055,stained,1
2056,sharp,1
2057,ice-cream-scooped,1
2058,sterile,1
2059,choppy,1
2060,dear,1
2061,burly,1
2062,move-out,1
2063,faded,1
2064,grown,1
2065,peachy,1
2066,unsatisfied,1
2067,rly,1
2068,interested,1
2069,onq,1
2070,palm,1
2071,topical,1
2072,undone,1
2073,over-sauced,1
2074,vinegar-ridden,1
2075,cheerful,1
2076,impersonal,1
2077,unseen,1
2078,bulky,1
2079,incomplete,1
2080,minced,1
2081,handmade,1
2082,lanuage,1
2083,observant,1
2084,aweful,1
2085,self-help,1
2086,wide----wider,1
2087,drawn-out,1
2088,in-full,1
2089,godawful,1
2090,under-warranty,1
2091,clogged,1
2092,new-build,1
2093,uncharitable,1
2094,complacent,1
2095,bossy,1
2096,conscious,1
2097,chilled,1
2098,trusted,1
2099,unknowledgeable,1
2100,trustworthy,1
2101,considerate,1
2102,crabby,1
2103,designed,1
2104,12th,1
2105,pristine,1
2106,unkept,1
2107,sunburnt,1
2108,overgrown,1
2109,intensive,1
2110,colder,1
2111,over-battered,1
2112,hard-pressed,1
2113,deep-fried,1
2114,mandarin-speaking,1
2115,puffy,1
2116,hideous,1
2117,overheated,1
2118,well-done,1
2119,delivered,1
2120,except,1
2121,driver/deliverer/technician/installer,1
2122,..last,1
2123,2-year,1
2124,uptown,1
2125,concerned,1
2126,musical,1
2127,recognizable,1
2128,pre-cooked,1
2129,global,1
2130,hellish,1
2131,unsleepable,1
2132,hurray,1
2133,incidental,1
2134,logical,1
2135,neglegant,1
2136,bunless,1
2137,highlight-lowlight,1
2138,catfish,1
2139,entertaining,1
2140,way-too,1
2141,unusable,1
2142,10th,1
2143,bankrupt,1
2144,2-page,1
2145,move-in,1
2146,punitive,1
2147,1pm,1
